people_id,name,first_name,middle_name,last_name,suffix,nickname,party_id,party,role_id,role,district,followthemoney_eid,votesmart_id,opensecrets_id,ballotpedia,knowwho_pid,committee_id
8948,"Barney Frank",Barney,,Frank,,,1,D,1,Rep,HD-MA-4,1827967,26897,N00000275,Barney_Frank,158878,0
8950,"George Miller",George,,Miller,,,1,D,1,Rep,HD-CA-11,17658640,26734,N00007390,George_Miller_(California_U.S._House_member),158724,0
8952,"Charles Rangel",Charles,B.,Rangel,,,1,D,1,Rep,HD-NY-13,9654369,26979,N00000964,Charles_Rangel,158984,0
8954,"Edolphus Towns",Edolphus,,Towns,,,1,D,1,Rep,HD-NY-10,4531916,26973,N00001082,Ed_Towns,158979,0
8955,"Nydia Velazquez",Nydia,M.,Velazquez,,,1,D,1,Rep,HD-NY-7,17658223,26975,N00001102,Nydia_Velazquez,158981,0
8956,"Henry Waxman",Henry,A.,Waxman,,,1,D,1,Rep,HD-CA-33,17658644,26753,N00001861,Henry_Waxman,158746,0
8957,"Frank Pallone",Frank,,Pallone,Jr.,,1,D,1,Rep,HD-NJ-6,17658803,26951,N00000781,Frank_Pallone,158957,0
8959,"John Barrow",John,,Barrow,,,1,D,1,Rep,HD-GA-12,7003473,31780,N00026080,John_Barrow_(Georgia),226506,0
8961,"Bruce Braley",Bruce,L.,Braley,,,1,D,1,Rep,HD-IA-1,3519165,57382,N00027464,Bruce_Braley,248295,0
8962,"Lois Capps",Lois,,Capps,,,1,D,1,Rep,HD-CA-24,16563796,16886,N00007232,Lois_Capps,158739,0
8963,"Kathy Castor",Kathy,,Castor,,,1,D,1,Rep,HD-FL-14,170335,53825,N00027514,Kathy_Castor,248289,0
8964,"Gerald Connolly",Gerald,E.,Connolly,,Gerry,1,D,1,Rep,HD-VA-11,16577898,95078,N00029891,Gerald_Connolly,267105,0
8965,"Henry Cuellar",Henry,,Cuellar,,,1,D,1,Rep,HD-TX-28,6443275,5486,N00024978,Henry_Cuellar,199164,0
8967,"Diana DeGette",Diana,,DeGette,,,1,D,1,Rep,HD-CO-1,6006202,561,N00006134,Diana_DeGette,158770,0
8968,"John Dingell",John,D.,Dingell,,,1,D,1,Rep,HD-MI-12,543908,26917,N00001783,John_Dingell,158910,0
8970,"Eliot Engel",Eliot,L.,Engel,,,1,D,1,Rep,HD-NY-16,17658812,26972,N00001003,Eliot_Engel,158986,0
8971,"Anna Eshoo",Anna,G.,Eshoo,,,1,D,1,Rep,HD-CA-18,8050793,26741,N00007335,Anna_Eshoo,158731,0
8973,"Gene Green",Gene,,Green,,,1,D,1,Rep,HD-TX-29,11053772,27100,N00005870,Gene_Green,159099,0
8974,"Jane Harman",Jane,,Harman,,,1,D,1,Rep,HD-CA-36,1256503,26768,N00006750,Jane_Harman,205549,0
8975,"Ruben Hinojosa",Ruben,,Hinojosa,,,1,D,1,Rep,HD-TX-15,17658725,291,N00006008,Ruben_Hinojosa_(Texas_congressman),159085,0
8976,"Henry Johnson",Henry,C.,Johnson,Jr.,Hank,1,D,1,Rep,HD-GA-4,17658662,68070,N00027848,Hank_Johnson,248293,0
8979,"Ben Lujan",Ben,Ray,Lujan,,,1,D,1,Rep,HD-NM-3,9025644,102842,N00029562,"Ben_Lujan,_Sr.",266495,0
8981,"Edward Markey",Edward,J.,Markey,,,1,D,1,Rep,HD-MA-5,17658675,26900,N00000270,Edward_Markey,158881,0
8983,"Doris Matsui",Doris,O.,Matsui,,,1,D,1,Rep,HD-CA-6,17658638,28593,N00027459,Doris_Matsui,232639,0
8985,"Jerry McNerney",Jerry,,McNerney,,,1,D,1,Rep,HD-CA-9,6643414,29474,N00026926,Jerry_McNerney,248236,0
8986,"Christopher Murphy",Christopher,S.,Murphy,,,1,D,1,Rep,HD-CT-5,6384200,17189,N00027566,Chris_Murphy_(Connecticut),193324,0
8987,"Bill Pascrell",Bill,,Pascrell,Jr.,,1,D,1,Rep,HD-NJ-9,16580040,478,N00000751,Bill_Pascrell,158959,0
8988,"Janice Schakowsky",Janice,D.,Schakowsky,,,1,D,1,Rep,HD-IL-9,6419995,6387,N00004724,Jan_Schakowsky,158836,0
8989,"Brad Sherman",Brad,,Sherman,,,1,D,1,Rep,HD-CA-30,369166,142,N00006897,Brad_Sherman,158741,0
8991,"Fortney Stark",Fortney,Pete,Stark,,,1,D,1,Rep,HD-CA-13,16617989,26736,N00007397,Pete_Stark,158730,0
8993,"Betty Sutton",Betty,,Sutton,,,1,D,1,Rep,HD-OH-13,13004695,8394,N00027901,Betty_Sutton,197881,0
8994,"Niki Tsongas",Niki,,Tsongas,,,1,D,1,Rep,HD-MA-3,17658789,89417,N00029026,Niki_Tsongas,259708,0
8995,"Debbie Wasserman Schultz",Debbie,,"Wasserman Schultz",,,1,D,1,Rep,HD-FL-23,704716,24301,N00026106,Debbie_Wasserman_Schultz,226499,0
8996,"Anthony Weiner",Anthony,D.,Weiner,,,1,D,1,Rep,HD-NY-9,17609116,23162,N00001110,Anthony_Weiner,158978,0
8997,"Peter Welch",Peter,,Welch,,,1,D,1,Rep,HD-VT,9959484,51272,N00000515,Peter_Welch,210068,0
8998,"Gary Ackerman",Gary,L.,Ackerman,,,1,D,1,Rep,HD-NY-5,19890001,26970,N00001143,Gary_Ackerman,158974,0
9000,"Robert Andrews",Robert,E.,Andrews,,,1,D,1,Rep,HD-NJ-1,6702465,26949,N00000826,Rob_Andrews_(New_Jersey),158952,0
9002,"Joe Baca",Joe,,Baca,,,1,D,1,Rep,HD-CA-43,2540679,8039,N00007089,Joe_Baca,158759,0
9004,"Tammy Baldwin",Tammy,,Baldwin,,,1,D,1,Rep,HD-WI-2,2924660,3470,N00004367,Tammy_Baldwin,159127,0
9005,"Xavier Becerra",Xavier,,Becerra,,,1,D,1,Rep,HD-CA-34,16562595,26754,N00009774,Xavier_Becerra,158747,0
9006,"Shelley Berkley",Shelley,,Berkley,,,1,D,1,Rep,HD-NV-1,0,22744,N00009818,Shelley_Berkley,158968,0
9007,"Howard Berman",Howard,L.,Berman,,,1,D,1,Rep,HD-CA-28,17657735,26756,N00008094,Howard_Berman,158743,0
9009,"Timothy Bishop",Timothy,H.,Bishop,,,1,D,1,Rep,HD-NY-1,7108326,44518,N00025413,Tim_Bishop,211718,0
9010,"Earl Blumenauer",Earl,,Blumenauer,,,1,D,1,Rep,HD-OR-3,4977792,367,N00007727,Earl_Blumenauer,159028,0
9012,"Madeleine Bordallo",Madeleine,Z.,Bordallo,,,1,D,1,Rep,HD-GU,0,1751,N00024866,Madeleine_Bordallo,0,0
9013,"Leonard Boswell",Leonard,L.,Boswell,,,1,D,1,Rep,HD-IA-3,6140498,384,N00004208,Leonard_Boswell,158823,0
9014,"Robert Brady",Robert,A.,Brady,,,1,D,1,Rep,HD-PA-1,17658828,2519,N00001619,Robert_Brady,159031,0
9015,"Corrine Brown",Corrine,,Brown,,,1,D,1,Rep,HD-FL-5,1810160,26797,N00002713,Corrine_Brown,158786,0
9016,"G. Butterfield",G.,K.,Butterfield,,,1,D,1,Rep,HD-NC-1,6135165,41077,N00027035,G.K._Butterfield,224949,0
9017,"Michael Capuano",Michael,E.,Capuano,,,1,D,1,Rep,HD-MA-7,17658790,18883,N00000267,Michael_Capuano,158882,0
9018,"Russ Carnahan",Russ,,Carnahan,,,1,D,1,Rep,HD-MO-3,4393335,39948,N00005181,Russ_Carnahan,206348,0
9019,"Andre Carson",Andre,,Carson,,,1,D,1,Rep,HD-IN-7,17658782,84917,N00029513,Andr%C3%A9_Carson,263260,0
9020,"Donna Christensen",Donna,M.,Christensen,,,1,D,1,Rep,HD-VI,0,1032,N00000133,Donna_Christensen,0,0
9021,"Yvette Clarke",Yvette,D.,Clarke,,,1,D,1,Rep,HD-NY-9,5418023,44741,N00026961,Yvette_Clarke,248335,0
9022,"Lacy Clay",Lacy,,Clay,,,1,D,1,Rep,HD-MO-1,3798170,8967,N00012460,William_Lacy_Clay,205779,0
9023,"Emanuel Cleaver",Emanuel,,Cleaver,,,1,D,1,Rep,HD-MO-5,4396432,39507,N00026790,Emanuel_Cleaver,226522,0
9024,"James Clyburn",James,E.,Clyburn,,,1,D,1,Rep,HD-SC-6,5019671,27066,N00002408,James_Clyburn,159060,0
9025,"Steve Cohen",Steve,,Cohen,,,1,D,1,Rep,HD-TN-9,6442808,24340,N00003225,"Steve_Hobbs,_Missouri_Representative",198993,0
9026,"John Conyers",John,,Conyers,Jr.,,1,D,1,Rep,HD-MI-13,17658680,26904,N00004029,John_Conyers_Jr.,158908,0
9027,"Jim Cooper",Jim,,Cooper,,,1,D,1,Rep,HD-TN-5,17658367,48891,N00003132,Jim_Cooper_(Tennessee),211701,0
9028,"Jerry Costello",Jerry,F.,Costello,,,1,D,1,Rep,HD-IL-12,6514653,26849,N00004956,Jerry_F._Costello_(Illinois),158839,0
9029,"Joe Courtney",Joe,,Courtney,,,1,D,1,Rep,HD-CT-2,7236851,30333,N00024842,Joe_Courtney,248833,0
9030,"Elijah Cummings",Elijah,E.,Cummings,,,1,D,1,Rep,HD-MD-7,5430817,345,N00001971,Elijah_Cummings,158891,0
9032,"Danny Davis",Danny,K.,Davis,,,1,D,1,Rep,HD-IL-7,16565454,233,N00004884,Danny_K._Davis,158834,0
9033,"Susan Davis",Susan,A.,Davis,,,1,D,1,Rep,HD-CA-53,2550215,8168,N00009604,Susan_Davis_(California),193104,0
9034,"Peter DeFazio",Peter,A.,DeFazio,,,1,D,1,Rep,HD-OR-4,17658713,27037,N00007781,Peter_DeFazio,159029,0
9035,"Rosa DeLauro",Rosa,L.,DeLauro,,,1,D,1,Rep,HD-CT-3,5349073,26788,N00000615,Rosa_DeLauro,158778,0
9036,"Norman Dicks",Norman,D.,Dicks,,,1,D,1,Rep,HD-WA-6,4076507,27127,N00007918,Norm_Dicks,159122,0
9037,"Lloyd Doggett",Lloyd,,Doggett,,,1,D,1,Rep,HD-TX-35,17658622,21689,N00006023,Lloyd_Doggett,159080,0
9038,"Michael Doyle",Michael,F.,Doyle,,,1,D,1,Rep,HD-PA-14,13005560,55925,N00001373,Michael_Doyle_(Pennsylvania_Congress),159048,0
9040,"Donna Edwards",Donna,F.,Edwards,,,1,D,1,Rep,HD-MD-4,14547691,65085,N00028249,Donna_Edwards,265644,0
9041,"Keith Ellison",Keith,,Ellison,,,1,D,1,Rep,HD-MN-5,6515997,38982,N00028257,Keith_Ellison_(Minnesota),212972,0
9042,"Sam Farr",Sam,,Farr,,,1,D,1,Rep,HD-CA-20,2022689,26745,N00007312,Sam_Farr,158734,0
9043,"Chaka Fattah",Chaka,,Fattah,,,1,D,1,Rep,HD-PA-2,16565456,21850,N00001746,Chaka_Fattah,159032,0
9044,"Bob Filner",Bob,,Filner,,,1,D,1,Rep,HD-CA-51,16413120,26774,N00007033,Bob_Filner,158767,0
9045,"Marcia Fudge",Marcia,L.,Fudge,,,1,D,1,Rep,HD-OH-11,14904741,110640,N00030490,Marcia_Fudge,271756,0
9046,"Gabrielle Giffords",Gabrielle,,Giffords,,,1,D,1,Rep,HD-AZ-8,1312481,28507,N00027829,Gabrielle_Giffords,205848,0
9047,"Kirsten Gillibrand",Kirsten,E.,Gillibrand,,,1,D,2,Sen,HD-NY-20,1577524,65147,N00027658,Kirsten_Gillibrand,248345,0
9048,"Charles Gonzalez",Charles,A.,Gonzalez,,,1,D,1,Rep,HD-TX-20,0,25445,N00005960,Charles_Gonzalez,159090,0
9050,"Al Green",Al,,Green,,,1,D,1,Rep,HD-TX-9,11567524,49680,N00026686,Al_Green_(Texas),226547,0
9051,"Raul Grijalva",Raul,M.,Grijalva,,,1,D,1,Rep,HD-AZ-3,17657668,28253,N00025284,Raul_Grijalva,211719,0
9052,"Luis Gutierrez",Luis,V.,Gutierrez,,,1,D,1,Rep,HD-IL-4,12430974,26841,N00004874,Luis_Gutierrez,158831,0
9056,"Alcee Hastings",Alcee,L.,Hastings,,,1,D,1,Rep,HD-FL-20,17657879,26798,N00002884,Alcee_Hastings,158806,0
9057,"Martin Heinrich",Martin,,Heinrich,,,1,D,1,Rep,HD-NM-1,8939798,74517,N00029835,Martin_Heinrich,266934,0
9058,"Brian Higgins",Brian,,Higgins,,,1,D,1,Rep,HD-NY-26,4689854,23127,N00027060,Brian_Higgins,197797,0
9059,"James Himes",James,A.,Himes,,,1,D,1,Rep,HD-CT-4,14257522,106744,N00029070,Jim_Himes,266938,0
9060,"Maurice Hinchey",Maurice,D.,Hinchey,,,1,D,1,Rep,HD-NY-22,16567070,26989,N00001222,Maurice_Hinchey,158995,0
9061,"Mazie Hirono",Mazie,K.,Hirono,,,1,D,1,Rep,HD-HI-2,6401094,1677,N00028139,Mazie_Hirono,248294,0
9063,"Rush Holt",Rush,D.,Holt,,,1,D,1,Rep,HD-NJ-12,12447039,22574,N00000860,"Rush_D._Holt,_Jr.",158963,0
9064,"Michael Honda",Michael,M.,Honda,,,1,D,1,Rep,HD-CA-17,2053195,9674,N00012611,Mike_Honda,193052,0
9065,"Steny Hoyer",Steny,H.,Hoyer,,,1,D,1,Rep,HD-MD-5,5702081,26890,N00001821,Steny_Hoyer,158889,0
9066,"Steve Israel",Steve,,Israel,,,1,D,1,Rep,HD-NY-3,17657535,55440,N00013345,Steve_Israel,207705,0
9067,"Jesse Jackson",Jesse,L.,Jackson,Jr.,,1,D,1,Rep,HD-IL-2,17658667,72,N00012457,"Jesse_L._Jackson,_Jr.",158829,0
9068,"Sheila Jackson-Lee",Sheila,,Jackson-Lee,,,1,D,1,Rep,HD-TX-18,6716263,21692,N00005818,Sheila_Jackson_Lee,159088,0
9069,"Eddie Johnson",Eddie,Bernice,Johnson,,,1,D,1,Rep,HD-TX-30,17658377,27098,N00008122,Eddie_Bernice_Johnson,159100,0
9070,"Marcy Kaptur",Marcy,,Kaptur,,,1,D,1,Rep,HD-OH-9,3503114,27016,N00003522,Marcy_Kaptur,159009,0
9072,"Dale Kildee",Dale,E.,Kildee,,,1,D,1,Rep,HD-MI-5,13916768,26909,N00004070,Dale_Kildee,158903,0
9073,"Ron Kind",Ron,,Kind,,,1,D,1,Rep,HD-WI-3,15167032,630,N00004403,Ron_Kind,159128,0
9074,"Dennis Kucinich",Dennis,J.,Kucinich,,,1,D,1,Rep,HD-OH-10,6438662,318,N00003572,"Dennis_Kucinich_possible_presidential_campaign,_2016",159010,0
9075,"James Langevin",James,R.,Langevin,,,1,D,1,Rep,HD-RI-2,5029414,55787,N00009724,Jim_Langevin,207711,0
9076,"Rick Larsen",Rick,,Larsen,,,1,D,1,Rep,HD-WA-2,17657616,56231,N00009759,Rick_Larsen,124078,0
9077,"John Larson",John,B.,Larson,,,1,D,1,Rep,HD-CT-1,16565470,17188,N00000575,John_Larson_(Connecticut),158776,0
9078,"Barbara Lee",Barbara,,Lee,,,1,D,1,Rep,HD-CA-13,1263932,8315,N00008046,Barbara_Lee_(California),158726,0
9079,"Sander Levin",Sander,M.,Levin,,,1,D,1,Rep,HD-MI-9,782914,26918,N00003950,Sandy_Levin,158906,0
9080,"John Lewis",John,,Lewis,,,1,D,1,Rep,HD-GA-5,6942266,26820,N00002577,John_Lewis_(Georgia),158811,0
9081,"Daniel Lipinski",Daniel,,Lipinski,,,1,D,1,Rep,HD-IL-3,17658586,33692,N00027239,Daniel_Lipinski,226508,0
9082,"David Loebsack",David,,Loebsack,,,1,D,1,Rep,HD-IA-2,6321205,68964,N00027741,Dave_Loebsack,248296,0
9083,"Zoe Lofgren",Zoe,,Lofgren,,,1,D,1,Rep,HD-CA-19,761620,21899,N00007479,Zoe_Lofgren,158733,0
9084,"Nita Lowey",Nita,M.,Lowey,,,1,D,1,Rep,HD-NY-17,4674617,26982,N00001024,Nita_Lowey,158987,0
9085,"Stephen Lynch",Stephen,F.,Lynch,,,1,D,1,Rep,HD-MA-8,1819740,4844,N00013855,Stephen_Lynch,195035,0
9086,"Carolyn Maloney",Carolyn,B.,Maloney,,,1,D,1,Rep,HD-NY-12,17658243,26978,N00000078,Carolyn_Maloney,158983,0
9088,"Carolyn McCarthy",Carolyn,,McCarthy,,,1,D,1,Rep,HD-NY-4,17658703,693,N00001148,Carolyn_McCarthy,158973,0
9089,"Betty McCollum",Betty,,McCollum,,,1,D,1,Rep,HD-MN-4,6428407,3812,N00012942,Betty_McCollum,195933,0
9090,"Jim McDermott",Jim,,McDermott,,,1,D,1,Rep,HD-WA-7,3526222,140387,N00009829,Jim_McDermott_(Alaska),159123,0
9092,"Michael Michaud",Michael,H.,Michaud,,,1,D,1,Rep,HD-ME-2,6374097,6582,N00024770,Mike_Michaud,195388,0
9093,"Brad Miller",Brad,,Miller,,,1,D,1,Rep,HD-NC-13,13012654,10205,N00025093,Brad_Miller,196518,0
9095,"Gwen Moore",Gwen,,Moore,,,1,D,1,Rep,HD-WI-4,2653235,3457,N00026914,Gwen_Moore,199871,0
9096,"James Moran",James,P.,Moran,,,1,D,1,Rep,HD-VA-8,17657613,27118,N00002083,Jim_Moran,159111,0
9099,"Jerrold Nadler",Jerrold,,Nadler,,,1,D,1,Rep,HD-NY-10,17658246,26980,N00000939,Jerrold_Nadler,158977,0
9100,"Eleanor Norton",Eleanor,Holmes,Norton,,,1,D,1,Rep,HD-DC,18929695,775,N00001692,Eleanor_Holmes_Norton,158782,0
9102,"John Olver",John,W.,Olver,,,1,D,1,Rep,HD-MA-1,36943,26894,N00000143,John_Olver,158875,0
9104,"Ed Pastor",Ed,,Pastor,,,1,D,1,Rep,HD-AZ-7,14103962,26719,N00006397,Ed_Pastor,158713,0
9105,"Donald Payne",Donald,M.,Payne,,,1,D,1,Rep,HD-NJ-10,17658196,26957,N00034639,Donald_Payne_Jr.,158961,0
9107,"Gary Peters",Gary,C.,Peters,,,1,D,1,Rep,HD-MI-14,363232,8749,N00029277,Gary_Peters,195614,0
9108,"Pedro Pierluisi",Pedro,R.,Pierluisi,,,6,N,1,Rep,HD-PR,0,110894,N00029168,Pedro_Pierluisi_Urrutia,0,0
9109,"Chellie Pingree",Chellie,,Pingree,,,1,D,1,Rep,HD-ME-1,1656640,6586,N00013817,Chellie_Pingree,267137,0
9110,"Jared Polis",Jared,,Polis,,,1,D,1,Rep,HD-CO-2,658962,106220,N00029127,Jared_Polis,267142,0
9112,"David Price",David,E.,Price,,,1,D,1,Rep,HD-NC-4,6891915,119,N00002260,David_Price,158937,0
9113,"Silvestre Reyes",Silvestre,,Reyes,,,1,D,1,Rep,HD-TX-16,17658720,292,N00006067,Silvestre_Reyes,159086,0
9114,"Laura Richardson",Laura,,Richardson,,,1,D,1,Rep,HD-CA-37,15524591,69508,N00029112,Laura_Richardson,248476,0
9116,"Steven Rothman",Steven,R.,Rothman,,,1,D,1,Rep,HD-NJ-9,17658696,481,N00008619,Steve_Rothman,158960,0
9117,"Lucille Roybal-Allard",Lucille,,Roybal-Allard,,,1,D,1,Rep,HD-CA-40,12450156,26766,N00006671,Lucille_Roybal-Allard,158750,0
9118,"C.A. Ruppersberger",C.A.,Dutch,Ruppersberger,,,1,D,1,Rep,HD-MD-2,17658031,36130,N00025482,Dutch_Ruppersberger,120144,0
9119,"Bobby Rush",Bobby,L.,Rush,,,1,D,1,Rep,HD-IL-1,17657928,26831,N00004887,Bobby_Rush,158828,0
9120,"Tim Ryan",Tim,,Ryan,,,1,D,1,Rep,HD-OH-13,2850732,45638,N00025280,Tim_Ryan_(Ohio),208806,0
9121,"Linda Sanchez",Linda,T.,Sanchez,,,1,D,1,Rep,HD-CA-38,17657762,29674,N00024870,Linda_S%C3%A1nchez,211684,0
9122,"Loretta Sanchez",Loretta,,Sanchez,,,1,D,1,Rep,HD-CA-46,793908,203,N00008274,Loretta_Sanchez,158763,0
9123,"John Sarbanes",John,P.,Sarbanes,,,1,D,1,Rep,HD-MD-3,17658676,66575,N00027751,John_Sarbanes,248303,0
9124,"Adam Schiff",Adam,B.,Schiff,,,1,D,1,Rep,HD-CA-28,15203357,9489,N00009585,Adam_Schiff,193010,0
9125,"Allyson Schwartz",Allyson,Y.,Schwartz,,,1,D,1,Rep,HD-PA-13,5108527,5239,N00001579,Allyson_Schwartz,198176,0
9126,"David Scott",David,,Scott,,,1,D,1,Rep,HD-GA-13,13011507,7826,N00024871,David_Scott_(Georgia),193670,0
9127,"Robert Scott",Robert,C.,Scott,,Bobby,1,D,1,Rep,HD-VA-3,17658728,173269,N00002147,Robert_Scott_(Delaware),159106,0
9128,"Jose Serrano",Jose,E.,Serrano,,,1,D,1,Rep,HD-NY-15,17391438,26981,N00001813,Jose_Serrano,158985,0
9131,"Albio Sires",Albio,,Sires,,,1,D,1,Rep,HD-NJ-8,6389364,22510,N00027523,Albio_Sires,197402,0
9133,"Louise Slaughter",Louise,McIntosh,Slaughter,,,1,D,1,Rep,HD-NY-25,17658702,26991,N00001311,Louise_Slaughter,158997,0
9134,"Jackie Speier",Jackie,,Speier,,,1,D,1,Rep,HD-CA-14,12997061,8425,N00029649,Jackie_Speier,192997,0
9137,"Bennie Thompson",Bennie,G.,Thompson,,,1,D,1,Rep,HD-MS-2,8348996,26929,N00003288,Bennie_Thompson,158929,0
9138,"Mike Thompson",Mike,,Thompson,,,1,D,1,Rep,HD-CA-5,1952480,3564,N00007419,Mike_Thompson_(California),158718,0
9139,"John Tierney",John,F.,Tierney,,,1,D,1,Rep,HD-MA-6,165967,553,N00000226,John_Tierney,158880,0
9141,"Chris Van Hollen",Chris,,"Van Hollen",,,1,D,1,Rep,SD-MD,5552236,6098,N00013820,Chris_Van_Hollen,195215,0
9142,"Peter Visclosky",Peter,J.,Visclosky,,,1,D,1,Rep,HD-IN-1,16562743,26851,N00003813,Peter_Visclosky,158848,0
9143,"Timothy Walz",Timothy,J.,Walz,,,1,D,1,Rep,HD-MN-1,9202001,65443,N00027467,Tim_Walz,248305,0
9144,"Maxine Waters",Maxine,,Waters,,,1,D,1,Rep,HD-CA-43,1257359,26759,N00006690,Maxine_Waters,158752,0
9146,"Melvin Watt",Melvin,L.,Watt,,,1,D,1,Rep,HD-NC-12,14777657,26997,N00002328,Melvin_Watt,158945,0
9148,"Lynn Woolsey",Lynn,C.,Woolsey,,,1,D,1,Rep,HD-CA-6,19889248,26733,N00007458,Lynn_Woolsey,158723,0
9149,"David Wu",David,,Wu,,,1,D,1,Rep,HD-OR-1,18930562,23797,N00009824,David_Wu,159026,0
9150,"John Yarmuth",John,A.,Yarmuth,,,1,D,1,Rep,HD-KY-3,7155937,58579,N00028073,John_Yarmuth,248302,0
9151,"Sanford Bishop",Sanford,D.,Bishop,Jr.,,1,D,1,Rep,HD-GA-2,5134027,26817,N00002674,Sanford_Bishop_Jr.,158808,0
9152,"Dennis Cardoza",Dennis,A.,Cardoza,,,1,D,1,Rep,HD-CA-18,2373302,9680,N00024874,Dennis_Cardoza,193055,0
9154,"Collin Peterson",Collin,C.,Peterson,,,1,D,1,Rep,HD-MN-7,16588347,26926,N00004558,Collin_Peterson,158917,0
9155,"Heath Shuler",Heath,,Shuler,,,1,D,1,Rep,HD-NC-11,19890141,57781,N00027655,Heath_Shuler,248353,0
9157,"Mario Diaz-Balart",Mario,,Diaz-Balart,,,2,R,1,Rep,HD-FL-21,12999048,24312,N00025337,Mario_Diaz-Balart,193508,0
9160,"James McGovern",James,P.,McGovern,,,1,D,1,Rep,HD-MA-2,17658594,552,N00000179,James_J._McGovern,158877,0
9161,"Gregory Meeks",Gregory,W.,Meeks,,,1,D,1,Rep,HD-NY-5,17658810,4360,N00001171,Gregory_Meeks,158975,0
9162,"Tim Murphy",Tim,,Murphy,,,2,R,1,Rep,HD-PA-18,0,9794,N00024992,Tim_Murphy_(Pennsylvania),198209,0
9163,"Todd Platts",Todd,Russell,Platts,,,2,R,1,Rep,HD-PA-19,13006127,9211,N00009719,Todd_Russell_Platts,0,0
9164,"Ileana Ros-Lehtinen",Ileana,,Ros-Lehtinen,,,2,R,1,Rep,HD-FL-18,9685208,26815,N00002858,Ileana_Ros-Lehtinen,158801,0
9165,"Gregorio Sablan",Gregorio,,Sablan,,,3,I,1,Rep,HD-MP,0,110903,N00030418,Gregorio_Sablan,274097,0
9167,"Paul Tonko",Paul,D.,Tonko,,,1,D,1,Rep,HD-NY-20,4469600,4403,N00030196,Paul_Tonko,197757,0
9168,"Don Young",Don,,Young,,,2,R,1,Rep,HD-AK,17658637,26717,N00007999,Don_Young_(Alaska),158699,0
9170,"Jay Inslee",Jay,,Inslee,,,1,D,1,Rep,HD-WA-1,2912405,27125,N00001725,Jay_Inslee,159117,0
9171,"Joe Barton",Joe,,Barton,,,2,R,1,Rep,HD-TX-6,11211974,27082,N00005656,Joe_Barton,159076,0
9172,"Marsha Blackburn",Marsha,,Blackburn,,,2,R,1,Rep,SD-TN,6654369,25186,N00003105,Marsha_Blackburn,198986,0
9173,"Kevin Brady",Kevin,,Brady,,,2,R,1,Rep,HD-TX-8,11362722,361,N00005883,Kevin_Brady_(Texas),159078,0
9175,"Vern Buchanan",Vern,,Buchanan,,,2,R,1,Rep,HD-FL-16,17658661,66247,N00027626,Vern_Buchanan,250707,0
9176,"Michael Burgess",Michael,C.,Burgess,,,2,R,1,Rep,HD-TX-26,17658442,50120,N00025219,Michael_Burgess,211708,0
9177,"Michael Conaway","K. Michael",,Conaway,,,2,R,1,Rep,HD-TX-11,11428119,49935,N00026041,Mike_Conaway_(Texas),226553,0
9178,"Ander Crenshaw",Ander,,Crenshaw,,,2,R,1,Rep,HD-FL-4,17657418,31130,N00012739,Ander_Crenshaw,205747,0
9179,"John Culberson",John,Abney,Culberson,,,2,R,1,Rep,HD-TX-7,6646293,5488,N00009738,John_Culberson,199253,0
9181,"John Duncan",John,J.,Duncan,Jr.,,2,R,1,Rep,HD-TN-2,9391265,27069,N00003209,John_Duncan_Jr.,159063,0
9182,"Kay Granger",Kay,,Granger,,,2,R,1,Rep,HD-TX-12,17658723,334,N00008799,Kay_Granger,159082,0
9183,"Ralph Hall",Ralph,M.,Hall,,,2,R,1,Rep,HD-TX-4,17657593,27080,N00005645,Ralph_Hall,159074,0
9184,"Doc Hastings",Doc,,Hastings,,,2,R,1,Rep,HD-WA-4,17658542,22318,N00009157,Doc_Hastings,159120,0
9185,"Dean Heller",Dean,,Heller,,,2,R,2,Sen,SD-NV,6596477,2291,N00027522,Dean_Heller,218940,0
9186,"Jeb Hensarling",Jeb,,Hensarling,,,2,R,1,Rep,HD-TX-5,17658386,49827,N00024922,Jeb_Hensarling,211722,0
9188,"Sam Johnson",Sam,,Johnson,,,2,R,1,Rep,HD-TX-3,17658383,27079,N00008028,Sam_Johnson_(Texas_congressman),159073,0
9190,"Connie Mack",Connie,,Mack,,,2,R,1,Rep,HD-FL-14,89991,53996,N00026425,Connie_Mack,209540,0
9191,"Kenny Marchant",Kenny,,Marchant,,,2,R,1,Rep,HD-TX-24,13007002,5549,N00026710,Kenny_Marchant,199221,0
9192,"Michael McCaul",Michael,T.,McCaul,,,2,R,1,Rep,HD-TX-10,15456789,49210,N00026460,Michael_McCaul,226551,0
9193,"Cathy McMorris Rodgers",Cathy,,"McMorris Rodgers",,,2,R,1,Rep,HD-WA-5,2941046,3217,N00026314,Cathy_McMorris_Rodgers,199779,0
9194,"Jeff Miller",Jeff,,Miller,,,2,R,1,Rep,HD-FL-1,17657833,17276,N00013846,Jeff_Miller_(Nevada),209116,0
9195,"Randy Neugebauer",Randy,,Neugebauer,,,2,R,1,Rep,HD-TX-19,17658627,49522,N00026043,Randy_Neugebauer,216187,0
9196,"Ron Paul",Ron,,Paul,,,2,R,1,Rep,HD-TX-14,0,296,N00005906,Ron_Paul,159084,0
9197,"Bill Posey",Bill,,Posey,,,2,R,1,Rep,HD-FL-8,12998616,24280,N00029662,Bill_Posey,193543,0
9199,"David Reichert",David,G.,Reichert,,,2,R,1,Rep,HD-WA-8,3576336,51346,N00026885,Dave_Reichert,226565,0
9200,"Pete Sessions",Pete,,Sessions,,,2,R,1,Rep,HD-TX-32,10838573,288,N00005681,Pete_Sessions,159075,0
9201,"Adam Smith",Adam,,Smith,,,1,D,1,Rep,HD-WA-9,17658734,845,N00007833,Adam_Smith_(Washington),159125,0
9202,"Lamar Smith",Lamar,,Smith,,,2,R,1,Rep,HD-TX-21,17658727,27097,N00001811,Lamar_Smith,159091,0
9203,"Cliff Stearns",Cliff,,Stearns,,,2,R,1,Rep,HD-FL-6,17658768,26803,N00002782,Cliff_Stearns,158789,0
9205,"C.W. Young",C.W.,Bill,Young,,,2,R,1,Rep,HD-FL-13,0,0,N00001817,C._W._Bill_Young,158793,0
9206,"Roscoe Bartlett",Roscoe,G.,Bartlett,,,2,R,1,Rep,HD-MD-6,17658041,26891,N00002017,Roscoe_Bartlett,158890,0
9207,"Rodney Alexander",Rodney,,Alexander,,,2,R,1,Rep,HD-LA-5,6423437,4545,N00025464,Rodney_Alexander_(North_Carolina),194908,0
9208,"Michele Bachmann",Michele,,Bachmann,,,2,R,1,Rep,HD-MN-6,6597408,54675,N00027493,Michele_Bachmann,208800,0
9209,"Gus Bilirakis",Gus,M.,Bilirakis,,,2,R,1,Rep,HD-FL-12,12998704,17318,N00027462,Gus_Bilirakis,193559,0
9210,"John Boozman",John,,Boozman,,,2,R,2,Sen,HD-AR-3,9687692,27958,N00013873,John_Boozman,209930,0
9211,"Ken Calvert",Ken,,Calvert,,,2,R,1,Rep,HD-CA-42,2378663,26777,N00007099,Ken_Calvert,158760,0
9212,"Shelley Capito",Shelley,Moore,Capito,,,2,R,1,Rep,HD-WV-2,6651319,11701,N00009771,Shelley_Moore_Capito,200084,0
9213,"Tom Cole",Tom,,Cole,,,2,R,1,Rep,HD-OK-4,14964187,46034,N00025726,Tom_Cole_(Oklahoma),211693,0
9214,"John Fleming",John,,Fleming,,,2,R,1,Rep,HD-LA-4,17660695,108811,N00029679,John_Fleming_(Louisiana),266860,0
9215,"Jeff Fortenberry",Jeff,,Fortenberry,,,2,R,1,Rep,HD-NE-1,17658605,41929,N00026631,Jeff_Fortenberry,226527,0
9216,"Robert Latta",Robert,E.,Latta,,,2,R,1,Rep,HD-OH-5,3428798,9926,N00012233,Bob_Latta,209172,0
9217,"Tom McClintock",Tom,,McClintock,,,2,R,1,Rep,HD-CA-4,2481759,9715,N00006863,Tom_McClintock,193067,0
9218,"Thaddeus McCotter",Thaddeus,G.,McCotter,,,2,R,1,Rep,HD-MI-11,2000113,19847,N00013808,Thaddeus_McCotter,195609,0
9219,"John Mica",John,L.,Mica,,,2,R,1,Rep,HD-FL-7,16307740,26805,N00002793,John_Mica,158790,0
9220,"Mike D. Rogers",Mike,D.,Rogers,,,2,R,1,Rep,HD-AL-3,6571477,5705,N00024759,Mike_Rogers_(Alabama),192661,0
9222,"Michael Simpson",Michael,K.,Simpson,,,2,R,1,Rep,HD-ID-2,7913824,2917,N00006263,Michael_Simpson_(Idaho),158827,0
9223,"Geoff Davis",Geoff,,Davis,,,2,R,1,Rep,HD-KY-4,17927924,35212,N00024862,Geoff_Davis,226514,0
9224,"Mary Bono Mack",Mary,,"Bono Mack",,,2,R,1,Rep,HD-CA-45,17658759,1434,N00007068,Mary_Bono_Mack,158761,0
9225,"Mike Coffman",Mike,,Coffman,,,2,R,1,Rep,HD-CO-6,12998053,1535,N00024753,Mike_Coffman_(Colorado),251692,0
9226,"David Dreier",David,,Dreier,,,2,R,1,Rep,HD-CA-26,19889190,26765,N00006932,David_Dreier,158745,0
9227,"Elton Gallegly",Elton,,Gallegly,,,2,R,1,Rep,HD-CA-24,19889202,26750,N00007231,Elton_Gallegly,158740,0
9228,"Duncan Hunter",Duncan,D.,Hunter,,,2,R,1,Rep,HD-CA-50,17658760,104308,N00029258,Duncan_Hunter,272496,0
9229,"Jerry Lewis",Jerry,,Lewis,,,2,R,1,Rep,HD-CA-41,17927917,26769,N00007087,Jerry_Lewis_(California),158757,0
9230,"Gary Miller",Gary,G.,Miller,,,2,R,1,Rep,HD-CA-31,17658755,8346,N00006954,Gary_Miller_(U.S._House_of_Representatives),158758,0
9231,"Edward Royce",Edward,R.,Royce,,,2,R,1,Rep,HD-CA-39,390709,70848,N00008264,Edward_Royce,158756,0
9232,"James Sensenbrenner","F. James",,Sensenbrenner,Jr.,,2,R,1,Rep,HD-WI-5,3273057,27142,N00004291,Jim_Sensenbrenner,159134,0
9233,"Grace Napolitano",Grace,F.,Napolitano,,,1,D,1,Rep,HD-CA-32,774257,8393,N00006789,Grace_Napolitano,158751,0
9234,"Judy Chu",Judy,,Chu,,,1,D,1,Rep,HD-CA-27,1258090,16539,N00030600,Judy_Chu,209456,0
9235,"Eni Faleomavaega",Eni,F.H.,Faleomavaega,,,1,D,1,Rep,HD-AS,0,774,N00007632,Eni_F.H._Faleomavaega,0,0
9237,"Christopher Smith",Christopher,H.,Smith,,,2,R,1,Rep,HD-NJ-4,17658186,26952,N00009816,Chris_Smith_(New_Jersey),158955,0
9239,"Jason Altmire",Jason,,Altmire,,,1,D,1,Rep,HD-PA-4,17658714,59999,N00027664,Jason_Altmire,248367,0
9240,"Steve Austria",Steve,,Austria,,,2,R,1,Rep,HD-OH-7,2938048,23398,N00029412,Steve_Austria,197908,0
9242,"Brian Bilbray",Brian,P.,Bilbray,,,2,R,1,Rep,HD-CA-50,16566899,21916,N00006981,Brian_Bilbray,158766,0
9243,"Rob Bishop",Rob,,Bishop,,,2,R,1,Rep,HD-UT-1,15107372,50544,N00025292,Rob_Bishop,211710,0
9244,"Roy Blunt",Roy,,Blunt,,,2,R,2,Sen,HD-MO-7,3837002,418,N00005195,Roy_Blunt,158925,0
9245,"Jo Bonner",Jo,,Bonner,,,2,R,1,Rep,HD-AL-1,7027846,27522,N00025330,Jo_Bonner,211676,0
9246,"Dan Boren",Dan,,Boren,,,1,D,1,Rep,HD-OK-2,19889433,46182,N00026481,Dan_Boren,226533,0
9247,"Charles Boustany",Charles,W.,Boustany,Jr.,,2,R,1,Rep,HD-LA-3,422681,35514,N00026595,Charles_Boustany_Jr.,228684,0
9249,"Dan Burton",Dan,,Burton,,,2,R,1,Rep,HD-IN-5,14426887,26855,N00000010,Dan_Burton,158853,0
9251,"Dave Camp",Dave,,Camp,,,2,R,1,Rep,HD-MI-4,376005,26911,N00008086,Dave_Camp,158898,0
9254,"John Carter",John,R.,Carter,,,2,R,1,Rep,HD-TX-31,17658461,49296,N00025095,John_Carter_(Texas),211726,0
9255,"Bill Cassidy",Bill,,Cassidy,,,2,R,1,Rep,HD-LA-6,6673315,69494,N00030245,Bill_Cassidy,266763,0
9257,"Jason Chaffetz",Jason,,Chaffetz,,,2,R,1,Rep,HD-UT-3,9875071,103482,N00028958,Jason_Chaffetz,239356,0
9258,"Ben Chandler",Ben,,Chandler,,,1,D,1,Rep,HD-KY-6,6407215,1891,N00026591,Ben_Chandler,222027,0
9260,"Howard Coble",Howard,,Coble,,,2,R,1,Rep,HD-NC-6,5947078,27001,N00002247,Howard_Coble,158939,0
9261,"Joseph Crowley",Joseph,,Crowley,,,1,D,1,Rep,HD-NY-14,4876353,4295,N00001127,Joseph_Crowley,158976,0
9264,"Charles Dent",Charles,W.,Dent,,,2,R,1,Rep,HD-PA-15,6568974,9121,N00026171,Charlie_Dent,198188,0
9265,"Joe Donnelly",Joe,,Donnelly,,,1,D,1,Rep,HD-IN-2,7409487,34212,N00026586,Joe_Donnelly,248299,0
9267,"Jo Emerson",Jo,Ann,Emerson,,,2,R,1,Rep,HD-MO-8,3917715,903,N00005090,Jo_Ann_Emerson,158926,0
9269,"Virginia Foxx",Virginia,,Foxx,,,2,R,1,Rep,HD-NC-5,6285984,6051,N00026166,Virginia_Foxx,196515,0
9270,"Rodney Frelinghuysen",Rodney,P.,Frelinghuysen,,,2,R,1,Rep,HD-NJ-11,6513034,22177,N00000684,Rodney_Frelinghuysen,158962,0
9271,"Scott Garrett",Scott,,Garrett,,,2,R,1,Rep,HD-NJ-5,6586028,4430,N00000743,Scott_Garrett_(New_Jersey),211686,0
9272,"Jim Gerlach",Jim,,Gerlach,,,2,R,1,Rep,HD-PA-6,6569358,5226,N00025025,Jim_Gerlach,198216,0
9273,"Sam Graves",Sam,,Graves,,,2,R,1,Rep,HD-MO-6,3836803,9425,N00013323,Sam_Graves,195969,0
9274,"Brett Guthrie",Brett,,Guthrie,,,2,R,1,Rep,HD-KY-2,6573540,18829,N00029675,Brett_Guthrie,194385,0
9277,"Tim Holden",Tim,,Holden,,,1,D,1,Rep,HD-PA-17,16743854,27042,N00001469,Tim_Holden_(Pennsylvania),159036,0
9279,"Darrell Issa",Darrell,E.,Issa,,,2,R,1,Rep,HD-CA-49,61054,16553,N00007017,Darrell_Issa,205554,0
9280,"Lynn Jenkins",Lynn,,Jenkins,,,2,R,1,Rep,HD-KS-2,6612389,18594,N00029077,Lynn_Jenkins,208581,0
9281,"Timothy Johnson",Timothy,V.,Johnson,,,2,R,1,Rep,HD-IL-15,6624300,27067,N00012890,Timothy_Williams_(Texas),194389,0
9282,"Walter Jones",Walter,B.,Jones,Jr.,,2,R,1,Rep,HD-NC-3,17658130,21785,N00002299,Walter_Jones,158936,0
9283,"Peter King",Peter,T.,King,,,2,R,1,Rep,HD-NY-2,17658227,26968,N00001193,Peter_King,158972,0
9284,"Steve King",Steve,,King,,,2,R,1,Rep,HD-IA-4,6587767,10853,N00025237,Steve_King_(Iowa),193968,0
9286,"Larry Kissell",Larry,,Kissell,,,1,D,1,Rep,HD-NC-8,17658691,57769,N00028859,Larry_Kissell,266978,0
9287,"John Kline",John,,Kline,,,2,R,1,Rep,HD-MN-2,17658796,20311,N00004436,John_Kline,211681,0
9289,"Leonard Lance",Leonard,,Lance,,,2,R,1,Rep,HD-NJ-7,13008942,4443,N00000898,Leonard_Lance,197381,0
9290,"Tom Latham",Tom,,Latham,,,2,R,1,Rep,HD-IA-3,17658585,22175,N00004227,Tom_Latham,158825,0
9291,"Steven LaTourette",Steven,C.,LaTourette,,,2,R,1,Rep,HD-OH-14,4421106,21798,N00003545,Steven_LaTourette,159019,0
9292,"Christopher Lee",Christopher,J.,Lee,,,2,R,1,Rep,HD-NY-26,19711335,136504,N00030198,Arthur_Christopher_Lee,267007,0
9293,"Frank LoBiondo",Frank,A.,LoBiondo,,,2,R,1,Rep,HD-NJ-2,17658180,21890,N00000851,Frank_LoBiondo,158953,0
9294,"Frank Lucas",Frank,D.,Lucas,,,2,R,1,Rep,HD-OK-3,17658609,27032,N00005559,Frank_Lucas,159025,0
9295,"Blaine Luetkemeyer",Blaine,,Luetkemeyer,,,2,R,1,Rep,HD-MO-3,4243467,20400,N00030026,Blaine_Luetkemeyer,196108,0
9296,"Cynthia Lummis",Cynthia,M.,Lummis,,,2,R,1,Rep,HD-WY,6365823,15546,N00029788,Cynthia_Lummis,240578,0
9297,"Donald Manzullo",Donald,A.,Manzullo,,,2,R,1,Rep,HD-IL-16,17657453,26843,N00004905,Donald_Manzullo,158843,0
9299,"Jim Matheson",Jim,,Matheson,,,1,D,1,Rep,HD-UT-4,9890513,50722,N00009753,Jim_Matheson,207713,0
9300,"Mike McIntyre",Mike,,McIntyre,,,1,D,1,Rep,HD-NC-7,17658800,153,N00002356,Mike_McIntyre,158940,0
9302,"Candice Miller",Candice,S.,Miller,,,2,R,1,Rep,HD-MI-10,13010776,2062,N00009795,Candice_Miller,211716,0
9305,"Jerry Moran",Jerry,,Moran,,,2,R,2,Sen,HD-KS-1,19889609,542,N00005282,Jerry_Moran,158858,0
9306,"Sue Myrick",Sue,Wilkins,Myrick,,,2,R,1,Rep,HD-NC-9,6726648,21789,N00002327,Sue_Wilkins_Myrick,158942,0
9307,"Richard Neal",Richard,E.,Neal,,,1,D,1,Rep,HD-MA-1,17441075,26895,N00000153,Richard_Neal,158876,0
9308,"Erik Paulsen",Erik,,Paulsen,,,2,R,1,Rep,HD-MN-3,17658795,3833,N00029391,Erik_Paulsen,195908,0
9309,"Ed Perlmutter",Ed,,Perlmutter,,,1,D,1,Rep,HD-CO-7,6276954,2653,N00027510,Ed_Perlmutter,193129,0
9310,"Thomas Petri",Thomas,E.,Petri,,,2,R,1,Rep,HD-WI-6,15293093,27139,N00004426,Tom_Petri,159131,0
9311,"Ted Poe",Ted,,Poe,,,2,R,1,Rep,HD-TX-2,16584997,49198,N00026457,Ted_Poe,226545,0
9312,"Mike Quigley",Mike,,Quigley,,,1,D,1,Rep,HD-IL-5,8785226,83310,N00030581,Mike_Quigley,277349,0
9313,"Nick Rahall",Nick,J.,Rahall,II,,1,D,1,Rep,HD-WV-3,15115958,27133,N00002198,Nick_Rahall,159137,0
9314,"Denny Rehberg",Denny,,Rehberg,,,2,R,1,Rep,HD-MT,6634183,404,N00004645,Denny_Rehberg,207683,0
9315,"David Roe",David,P.,Roe,,,2,R,1,Rep,HD-TN-1,2886736,65306,N00028463,Phil_Roe,267171,0
9316,"Thomas Rooney",Thomas,J.,Rooney,,,2,R,1,Rep,HD-FL-17,0,107800,N00029018,Thomas_Rooney_(Florida),267175,0
9317,"Mike Ross",Mike,,Ross,,,1,D,1,Rep,HD-AR-4,9726492,24571,N00009571,Mike_Ross_(Arizona),205540,0
9320,"Aaron Schock",Aaron,,Schock,,,2,R,1,Rep,HD-IL-18,6656178,33428,N00029273,Aaron_Schock,228382,0
9321,"Kurt Schrader",Kurt,,Schrader,,,1,D,1,Rep,HD-OR-5,22206618,10813,N00030071,Kurt_Schrader,198136,0
9322,"John Shimkus",John,,Shimkus,,,2,R,1,Rep,HD-IL-15,17657969,246,N00004961,John_Shimkus,158847,0
9323,"Bill Shuster",Bill,,Shuster,,,2,R,1,Rep,HD-PA-9,17658321,55693,N00013770,Bill_Shuster,209249,0
9324,"Adrian Smith",Adrian,,Smith,,,2,R,1,Rep,HD-NE-3,6558263,21284,N00027623,Adrian_Smith,196871,0
9328,"Lee Terry",Lee,,Terry,,,2,R,1,Rep,HD-NE-2,17658802,21276,N00005321,Lee_Terry,158948,0
9329,"Glenn Thompson",Glenn,,Thompson,,,2,R,1,Rep,HD-PA-5,4811486,24046,N00029736,Glenn_Thompson_(Pennsylvania),267269,0
9330,"Mac Thornberry",Mac,,Thornberry,,,2,R,1,Rep,HD-TX-13,17658625,21706,N00006052,Mac_Thornberry,159083,0
9332,"Patrick Tiberi",Patrick,J.,Tiberi,,,2,R,1,Rep,HD-OH-12,2781461,8404,N00009699,Patrick_Tiberi,197859,0
9333,"Michael Turner",Michael,R.,Turner,,,2,R,1,Rep,HD-OH-10,17658265,45519,N00025175,Michael_Turner_(Ohio),211690,0
9334,"Fred Upton",Fred,,Upton,,,2,R,1,Rep,HD-MI-6,2001367,26906,N00004133,Fred_Upton,158900,0
9335,"Greg Walden",Greg,,Walden,,,2,R,1,Rep,HD-OR-2,3106417,2979,N00007690,Greg_Walden,159027,0
9337,"Joe Wilson",Joe,,Wilson,,,2,R,1,Rep,HD-SC-2,6644962,3985,N00024809,Joe_Wilson_(South_Carolina),198713,0
9338,"Frank Wolf",Frank,R.,Wolf,,,2,R,1,Rep,HD-VA-10,17658729,27120,N00002073,Frank_Wolf,159113,0
9340,"Jim Costa",Jim,,Costa,,,1,D,1,Rep,HD-CA-16,732074,3577,N00026341,Jim_Costa,193005,0
9341,"Louie Gohmert",Louie,,Gohmert,,,2,R,1,Rep,HD-TX-1,11600094,50029,N00026148,Louie_Gohmert,226543,0
9343,"Dana Rohrabacher",Dana,,Rohrabacher,,,2,R,1,Rep,HD-CA-48,9685202,26763,N00007151,Dana_Rohrabacher,158762,0
9344,"Peter Roskam",Peter,J.,Roskam,,,2,R,1,Rep,HD-IL-6,3052886,6382,N00004719,Peter_Roskam,208702,0
9345,"Lynn Westmoreland",Lynn,A.,Westmoreland,,,2,R,1,Rep,HD-GA-3,12999261,8001,N00026163,Lynn_Westmoreland,193800,0
9346,"Robert Aderholt",Robert,B.,Aderholt,,,2,R,1,Rep,HD-AL-4,6307650,441,N00003028,Robert_Aderholt,158703,0
9347,"Todd Akin","W. Todd",,Akin,,,2,R,1,Rep,HD-MO-2,3836994,9301,N00009677,Todd_Akin,205781,0
9348,"Spencer Bachus",Spencer,,Bachus,,,2,R,1,Rep,HD-AL-6,1767895,26715,N00008091,Spencer_Bachus,158705,0
9350,"Judy Biggert",Judy,,Biggert,,,2,R,1,Rep,HD-IL-13,2949538,6298,N00004762,Judy_Biggert,158840,0
9351,"John Boehner",John,A.,Boehner,,,2,R,1,Rep,HD-OH-8,10184574,27015,N00003675,John_Boehner,159008,0
9353,"Paul Broun",Paul,C.,Broun,,,2,R,1,Rep,HD-GA-10,6416580,70001,N00028986,Paul_Broun,258237,0
9354,"John Campbell",John,,Campbell,,,2,R,1,Rep,HD-CA-45,1874435,55921,N00027565,John_Campbell_(California),208499,0
9355,"Eric Cantor",Eric,,Cantor,,,2,R,1,Rep,HD-VA-7,6568554,5121,N00013131,Eric_Cantor,199495,0
9357,"Jeff Flake",Jeff,,Flake,,,2,R,1,Rep,HD-AZ-6,8753041,28128,N00009573,Jeff_Flake,205546,0
9358,"Randy Forbes","J. Randy",,Forbes,,,2,R,1,Rep,HD-VA-4,17658520,5146,N00013799,Randy_Forbes,199396,0
9359,"Trent Franks",Trent,,Franks,,,2,R,1,Rep,HD-AZ-8,1448924,28399,N00006423,Trent_Franks,211720,0
9360,"John Garamendi",John,,Garamendi,,,1,D,1,Rep,HD-CA-3,12997062,29664,N00030856,John_Garamendi,240331,0
9361,"Phil Gingrey",Phil,,Gingrey,,,2,R,1,Rep,HD-GA-11,6621358,17644,N00024760,Phil_Gingrey,193671,0
9362,"Bob Goodlatte",Bob,,Goodlatte,,,2,R,1,Rep,HD-VA-6,17658523,27116,N00009154,Bob_Goodlatte,159109,0
9363,"Gregg Harper",Gregg,,Harper,,,2,R,1,Rep,HD-MS-3,17658799,101985,N00029632,Gregg_Harper,266921,0
9364,"Wally Herger",Wally,,Herger,,,2,R,1,Rep,HD-CA-2,9528301,26728,N00007584,Wally_Herger,158719,0
9365,"Jim Jordan",Jim,,Jordan,,,2,R,1,Rep,HD-OH-4,13004893,8158,N00027894,Jim_Jordan_(Ohio),197920,0
9366,"Jack Kingston",Jack,,Kingston,,,2,R,1,Rep,HD-GA-1,6805508,26816,N00002656,Jack_Kingston,158807,0
9367,"Mark Kirk",Mark,Steven,Kirk,,,2,R,2,Sen,SD-IL,19889347,33502,N00012539,Mark_Kirk,205758,0
9368,"Doug Lamborn",Doug,,Lamborn,,,2,R,1,Rep,HD-CO-5,6368620,2698,N00028133,Doug_Lamborn,193118,0
9370,"Daniel Lungren",Daniel,E.,Lungren,,,2,R,1,Rep,HD-CA-3,6654531,16730,N00011971,Dan_Lungren,226492,0
9371,"Kevin McCarthy",Kevin,,McCarthy,,,2,R,1,Rep,HD-CA-23,331199,28918,N00028152,Kevin_McCarthy_(California),211752,0
9372,"Patrick McHenry",Patrick,T.,McHenry,,,2,R,1,Rep,HD-NC-10,6009425,21031,N00026627,Patrick_McHenry,212009,0
9373,"Howard McKeon",Howard,P.,McKeon,,Buck,2,R,1,Rep,HD-CA-25,17657731,26755,N00006882,Buck_McKeon,158742,0
9375,"Devin Nunes",Devin,,Nunes,,,2,R,1,Rep,HD-CA-22,2429326,16725,N00007248,Devin_Nunes,211691,0
9376,"Pete Olson",Pete,,Olson,,,2,R,1,Rep,HD-TX-22,17658836,102008,N00029285,Pete_Olson,164975,0
9377,"Mike Pence",Mike,,Pence,,,2,R,1,Rep,HD-IN-6,10245969,34024,N00003765,"Mike_Pence_vice_presidential_campaign,_2016",205765,0
9378,"Joseph Pitts",Joseph,R.,Pitts,,,2,R,1,Rep,HD-PA-16,17658715,265,N00001633,Joseph_Pitts_(Pennsylvania),159046,0
9379,"Tom Price",Tom,,Price,,,2,R,1,Rep,HD-GA-6,7844765,11853,N00026160,Tom_Price_(Georgia),193697,0
9381,"Harold Rogers",Harold,,Rogers,,,2,R,1,Rep,HD-KY-5,17657470,26875,N00003473,Hal_Rogers,158866,0
9382,"Mike J. Rogers",Mike,J.,Rogers,,,2,R,1,Rep,HD-MI-8,6630734,8751,N00009668,Mike_Rogers_(Michigan),205770,0
9383,"Paul Ryan",Paul,D.,Ryan,,,2,R,1,Rep,HD-WI-1,7432657,26344,N00004357,Paul_Ryan,159126,0
9384,"Steve Scalise",Steve,,Scalise,,,2,R,1,Rep,HD-LA-1,6627583,9026,N00009660,Steve_Scalise,194976,0
9385,"Jean Schmidt",Jean,,Schmidt,,,2,R,1,Rep,HD-OH-2,3454721,45475,N00027526,Jean_Schmidt_(Ohio),206504,0
9386,"John Sullivan",John,,Sullivan,,,2,R,1,Rep,HD-OK-1,17658288,24559,N00013847,John_Sullivan_(Oklahoma),198053,0
9388,"Ed Whitfield",Ed,,Whitfield,,,2,R,1,Rep,HD-KY-1,9240216,21873,N00003467,Ed_Whitfield,158862,0
9389,"Robert Wittman",Robert,J.,Wittman,,,2,R,1,Rep,HD-VA-1,6666723,58133,N00029459,Rob_Wittman,241260,0
9392,"William Owens",William,L.,Owens,,Bill,1,D,1,Rep,HD-NY-21,5159347,6018,N00031011,Bill_Owens,282636,0
9394,"Nancy Pelosi",Nancy,,Pelosi,,,1,D,1,Rep,HD-CA-12,2022063,26732,n00007360,Nancy_Pelosi,158725,0
9395,"Theodore Deutch",Theodore,E.,Deutch,,,1,D,1,Rep,HD-FL-21,6467543,67151,N00031317,Theodore_O._Rogers,248601,0
9398,"Harry Reid",Harry,,Reid,,,1,D,2,Sen,SD-NV,18930590,53320,N00009922,Harry_Reid,165257,0
9399,"Mark Begich",Mark,,Begich,,,1,D,2,Sen,SD-AK,0,79426,N00029901,Mark_Begich,266711,0
9400,"Jeff Bingaman",Jeff,,Bingaman,,,1,D,2,Sen,SD-NM,0,53326,N00006518,Jeff_Bingaman,165256,0
9401,"Barbara Boxer",Barbara,,Boxer,,,1,D,2,Sen,SD-CA,2545581,53274,N00006692,Barbara_Boxer,165202,0
9402,"Sherrod Brown",Sherrod,,Brown,,,1,D,2,Sen,SD-OH,3439679,27018,N00003535,Sherrod_Brown,159013,0
9403,"Robert Casey",Robert,P.,Casey,Jr.,Bob,1,D,2,Sen,SD-PA,5967054,2541,N00027503,Robert_Casey_(Pennsylvania),240529,0
9405,"Richard Durbin",Richard,,Durbin,,,1,D,2,Sen,SD-IL,3414130,26847,N00004981,Dick_Durbin,165219,0
9407,"John Kerry",John,F.,Kerry,,,1,D,2,Sen,SD-MA,3557076,53306,N00000245,John_Kerry,165230,0
9408,"Amy Klobuchar",Amy,,Klobuchar,,,1,D,2,Sen,SD-MN,17659011,65092,N00027500,Amy_Klobuchar,248506,0
9409,"Frank Lautenberg",Frank,R.,Lautenberg,,,1,D,2,Sen,SD-NJ,0,53324,N00000659,Frank_Lautenberg,165253,0
9410,"Carl Levin",Carl,,Levin,,,1,D,2,Sen,SD-MI,0,53307,N00001691,Carl_Levin,165235,0
9411,"Joseph Lieberman",Joseph,I.,Lieberman,,,3,I,2,Sen,SD-CT,0,53278,N00000616,Joe_Lieberman_(Connecticut),165206,0
9412,"Claire McCaskill",Claire,,McCaskill,,,1,D,2,Sen,SD-MO,4742989,2109,N00027694,Claire_McCaskill,240412,0
9413,"Robert Menendez",Robert,,Menendez,,,1,D,2,Sen,SD-NJ,17659015,26961,N00000699,Bob_Menendez,158964,0
9414,"Charles Schumer",Charles,E.,Schumer,,Chuck,1,D,2,Sen,SD-NY,19890086,26976,N00001093,Chuck_Schumer,165260,0
9415,"Debbie Stabenow",Debbie,,Stabenow,,,1,D,2,Sen,SD-MI,10688869,515,N00004118,Debbie_Stabenow,205511,0
9416,"Barbara Mikulski",Barbara,A.,Mikulski,,,1,D,2,Sen,SD-MD,19889207,53304,N00001945,Barbara_Mikulski,165232,0
9417,"Ron Wyden",Ron,,Wyden,,,1,D,2,Sen,SD-OR,5397600,27036,N00007724,Ron_Wyden,165265,0
9419,"Tom Harkin",Tom,,Harkin,,,1,D,2,Sen,SD-IA,0,53294,N00004207,Tom_Harkin,165216,0
9420,"Daniel Inouye",Daniel,K.,Inouye,,,1,D,2,Sen,SD-HI,9693740,53285,N00001762,Daniel_Inouye,165213,0
9421,"Daniel Akaka",Daniel,K.,Akaka,,,1,D,2,Sen,SD-HI,0,53286,N00007653,Daniel_Akaka,165214,0
9422,"Jeanne Shaheen",Jeanne,,Shaheen,,,1,D,2,Sen,SD-NH,2227644,1663,N00024790,Jeanne_Shaheen,209675,0
9423,"Dianne Feinstein",Dianne,,Feinstein,,,1,D,2,Sen,SD-CA,26294,53273,N00007364,Dianne_Feinstein,165201,0
9424,"Patrick Leahy",Patrick,J.,Leahy,,,1,D,2,Sen,SD-VT,19890007,53353,N00009918,Patrick_Leahy_(Vermont),165283,0
9425,"Thomas Carper",Thomas,R.,Carper,,,1,D,2,Sen,SD-DE,8428238,22421,N00012508,Tom_Carper,205484,0
9426,"Kent Conrad",Kent,,Conrad,,,1,D,2,Sen,SD-ND,0,53331,N00004613,Kent_Conrad,165247,0
9427,"Maria Cantwell",Maria,,Cantwell,,,1,D,2,Sen,SD-WA,3465258,27122,N00007836,Maria_Cantwell,205537,0
9428,"Lamar Alexander",Lamar,,Alexander,,,2,R,2,Sen,SD-TN,2116345,15691,N00009888,Lamar_Alexander,211704,0
9429,"Bob Corker",Bob,,Corker,,,2,R,2,Sen,SD-TN,9471242,65905,N00027441,Bob_Corker,248423,0
9430,"John Ensign",John,,Ensign,,,2,R,2,Sen,SD-NV,0,22139,N00006619,,205528,0
9431,"Patty Murray",Patty,,Murray,,,1,D,2,Sen,SD-WA,18930579,53358,N00007876,Patty_Murray,165286,0
9432,"Bill Nelson",Bill,,Nelson,,,1,D,2,Sen,SD-FL,6416097,1606,N00009926,Bill_Nelson_(Florida),205493,0
9433,"John Rockefeller",John,D.,Rockefeller,IV,,1,D,2,Sen,SD-WV,5613984,53360,N00001685,Jay_Rockefeller,165290,0
9434,"Bernard Sanders",Bernard,,Sanders,,,3,I,2,Sen,SD-VT,9960190,27110,N00000528,Bernie_Sanders,159116,0
9436,"Olympia Snowe",Olympia,J.,Snowe,,,2,R,2,Sen,SD-ME,0,26885,N00000480,Olympia_Snowe,165233,0
9438,"Herb Kohl",Herb,,Kohl,,,1,D,2,Sen,SD-WI,0,53362,N00004309,Herb_Kohl,165287,0
9439,"Max Baucus",Max,,Baucus,,,1,D,2,Sen,SD-MT,0,53315,N00004643,Max_Baucus,165243,0
9441,"Benjamin Cardin",Benjamin,L.,Cardin,,,1,D,2,Sen,SD-MD,8046162,26888,N00001955,Ben_Cardin,158887,0
9443,"Sheldon Whitehouse",Sheldon,,Whitehouse,,,1,D,2,Sen,SD-RI,373538,2572,N00027533,Sheldon_Whitehouse,248425,0
9444,"John Cornyn",John,,Cornyn,,,2,R,2,Sen,SD-TX,6646197,15375,N00024852,John_Cornyn,211675,0
9445,"Mike Crapo",Mike,,Crapo,,,2,R,2,Sen,SD-ID,19890076,26830,N00006267,Mike_Crapo,165218,0
9446,"Kay Hutchison",Kay,Bailey,Hutchison,,,2,R,2,Sen,SD-TX,0,53349,N00005675,Kay_Bailey_Hutchison,165278,0
9447,"Jon Kyl",Jon,,Kyl,,,2,R,2,Sen,SD-AZ,0,26721,N00006406,Jon_Kyl,165200,0
9448,"John McCain",John,,McCain,,,2,R,2,Sen,SD-AZ,19897785,53270,N00006424,John_McCain,165199,0
9450,"Johnny Isakson",Johnny,,Isakson,,,2,R,2,Sen,SD-GA,7238922,1721,N00002593,Johnny_Isakson,158812,0
9451,"Saxby Chambliss",Saxby,,Chambliss,,,2,R,2,Sen,SD-GA,0,22029,N00002685,Saxby_Chambliss,158814,0
9452,"Michael Enzi",Michael,B.,Enzi,,,2,R,2,Sen,SD-WY,6651769,558,N00006249,Mike_Enzi,165292,0
9455,"Jeff Sessions",Jeff,,Sessions,,,2,R,2,Sen,SD-AL,22025634,443,N00003062,Jeff_Sessions,165196,0
9456,"David Vitter",David,,Vitter,,,2,R,2,Sen,SD-LA,19890121,4615,N00009659,David_Vitter,158868,0
9459,"Susan Collins",Susan,M.,Collins,,,2,R,2,Sen,SD-ME,10045641,379,N00000491,Susan_Collins_(Maine),165234,0
9460,"Jack Reed",Jack,,Reed,,,1,D,2,Sen,SD-RI,5584992,27060,N00000362,Jack_Reed,165269,0
9461,"Mary Landrieu",Mary,L.,Landrieu,,,1,D,2,Sen,SD-LA,0,661,N00005395,Mary_Landrieu,165228,0
9463,"Michael Bennet",Michael,F.,Bennet,,,1,D,2,Sen,SD-CO,5995587,110942,N00030608,Michael_Bennet,274906,0
9464,"Mark Udall",Mark,,Udall,,,1,D,2,Sen,SD-CO,3877995,12329,N00008051,Mark_Udall,158771,0
9466,"Kay Hagan",Kay,R.,Hagan,,,1,D,2,Sen,SD-NC,0,21082,N00029617,Kay_Hagan,196549,0
9467,"Tim Johnson",Tim,,Johnson,,,1,D,2,Sen,SD-SD,0,6338,N00010084,Timothy_Johnson_(Illinois),165274,0
9469,"Jeff Merkley",Jeff,,Merkley,,,1,D,2,Sen,SD-OR,13005237,23644,N00029303,Jeff_Merkley,198129,0
9470,"Mark Pryor",Mark,L.,Pryor,,,1,D,2,Sen,SD-AR,0,35,N00013823,Mark_Pryor,211669,0
9471,"Jon Tester",Jon,,Tester,,,1,D,2,Sen,SD-MT,7974707,20928,N00027605,Jon_Tester,196276,0
9472,"Tom Udall",Tom,,Udall,,,1,D,2,Sen,SD-NM,1864753,22658,N00006561,Tom_Udall,158967,0
9473,"Mark Warner",Mark,R.,Warner,,,1,D,2,Sen,SD-VA,6003122,535,N00002097,Mark_Warner,210000,0
9474,"Jim Webb",Jim,,Webb,,,1,D,2,Sen,SD-VA,0,60043,N00028058,Jim_Webb_(Virginia),248466,0
9476,"Al Franken",Al,,Franken,,,1,D,2,Sen,SD-MN,1646379,108924,N00029016,Al_Franken,266864,0
9478,"James Inhofe",James,M.,Inhofe,,,2,R,2,Sen,SD-OK,10938141,27027,N00005582,Jim_Inhofe,165264,0
9480,"Mike Johanns",Mike,,Johanns,,,2,R,2,Sen,SD-NE,0,21309,N00029444,Mike_Johanns,209671,0
9481,"Benjamin Nelson","E. Benjamin",,Nelson,,,1,D,2,Sen,SD-NE,0,21744,N00005329,Ben_Nelson,205523,0
9482,"Pat Roberts",Pat,,Roberts,,,2,R,2,Sen,SD-KS,16368473,26866,N00005285,Pat_Roberts,165224,0
9483,"John Barrasso",John,,Barrasso,,,2,R,2,Sen,SD-WY,10154698,52662,N00006236,John_Barrasso,214311,0
9484,"Chuck Grassley",Chuck,,Grassley,,,2,R,2,Sen,SD-IA,6338995,53293,N00001758,Chuck_Grassley,165215,0
9486,"Richard Burr",Richard,,Burr,,,2,R,2,Sen,SD-NC,6860429,21787,N00002221,Richard_Burr,158938,0
9487,"Thad Cochran",Thad,,Cochran,,,2,R,2,Sen,SD-MS,10931178,53312,N00003328,Thad_Cochran,165241,0
9488,"Lindsey Graham",Lindsey,,Graham,,,2,R,2,Sen,SD-SC,8463292,21992,N00009975,Lindsey_Graham,159057,0
9489,"Orrin Hatch",Orrin,G.,Hatch,,,2,R,2,Sen,SD-UT,1673075,53352,N00009869,Orrin_Hatch,165279,0
9490,"Richard Lugar",Richard,G.,Lugar,,,2,R,2,Sen,SD-IN,0,53292,N00001764,Richard_Lugar,165221,0
9491,"Lisa Murkowski",Lisa,,Murkowski,,,2,R,2,Sen,SD-AK,6604204,15841,N00026050,Lisa_Murkowski,192554,0
9492,"John Thune",John,,Thune,,,2,R,2,Sen,SD-SD,19897787,398,N00004572,John_Thune,159061,0
9493,"Roger Wicker",Roger,F.,Wicker,,,2,R,2,Sen,SD-MS,17659028,21926,N00003280,Roger_Wicker,158928,0
9495,"Jim DeMint",Jim,,DeMint,,,2,R,2,Sen,SD-SC,19889388,25026,N00002472,Jim_DeMint,159058,0
9496,"James Risch",James,E.,Risch,,,2,R,2,Sen,SD-ID,6576171,2919,N00029441,Jim_Risch,213702,0
9497,"Mitch McConnell",Mitch,,McConnell,,,2,R,2,Sen,SD-KY,9284790,53298,N00003389,Mitch_McConnell,165225,0
9498,"Tom Coburn",Tom,,Coburn,,,2,R,2,Sen,SD-OK,8604163,22085,N00005601,Tom_Coburn,159021,0
9500,"Richard Shelby",Richard,C.,Shelby,,,2,R,2,Sen,SD-AL,7384087,53266,N00009920,Richard_Shelby,165195,0
9502,"Scott Brown",Scott,P.,Brown,,,2,R,2,Sen,SD-MA,112965,18919,N00031174,Scott_Brown_(Massachusetts),195093,0
9507,"Mark Critz",Mark,S.,Critz,,,1,D,1,Rep,HD-PA-12,5283943,119481,N00032014,Mark_Critz,286970,0
9549,"Tom Graves",Tom,,Graves,,,2,R,1,Rep,HD-GA-14,6801736,31969,N00030788,Tom_Graves,211906,0
9624,"Christopher Coons",Christopher,A.,Coons,,,1,D,2,Sen,SD-DE,5584171,122834,N00031820,Chris_Coons,286419,0
9625,"Joe Manchin",Joe,,Manchin,III,,1,D,2,Sen,SD-WV,7573477,7547,N00032838,Joe_Manchin_III,219013,0
9630,"Tom Reed",Tom,,Reed,II,,2,R,1,Rep,HD-NY-23,17657549,127046,N00030949,Tom_Reed_(New_York),284901,0
11040,"Diane Black",Diane,,Black,,,2,R,1,Rep,HD-TN-6,9363448,25292,N00031539,Diane_Black,199041,0
11041,"Mo Brooks",Mo,,Brooks,,,2,R,1,Rep,HD-AL-5,6668470,121610,N00030910,Mo_Brooks,283897,0
11042,"Larry Bucshon",Larry,,Bucshon,,,2,R,1,Rep,HD-IN-8,7004017,120335,N00031227,Larry_Bucshon,284631,0
11043,"Ann Buerkle",Ann,Marie,Buerkle,,,2,R,1,Rep,HD-NY-25,4775628,127047,N00031640,Ann_Marie_Buerkle,284893,0
11045,"Steve Chabot",Steve,,Chabot,,,2,R,1,Rep,HD-OH-1,16571277,21790,N00003689,Steve_Chabot,159001,0
11046,"Chip Cravaack",Chip,,Cravaack,,,2,R,1,Rep,HD-MN-8,17657495,122953,N00031623,Chip_Cravaack,287792,0
11047,"Eric Crawford",Eric,A.,Crawford,,Rick,2,R,1,Rep,HD-AR-1,17657353,119208,N00030770,Rick_Crawford_(Arkansas),283914,0
11048,"Sean Duffy",Sean,P.,Duffy,,,2,R,1,Rep,HD-WI-7,2928087,126238,N00030967,Sean_Duffy,284580,0
11049,"Jeff Duncan",Jeff,,Duncan,,,2,R,1,Rep,HD-SC-3,8045191,47967,N00030752,Jeff_Duncan_(South_Carolina),213970,0
11050,"Renee Ellmers",Renee,L.,Ellmers,,,2,R,1,Rep,HD-NC-2,5877139,120897,N00031513,Renee_Ellmers,286876,0
11051,"Bill Flores",Bill,,Flores,,,2,R,1,Rep,HD-TX-17,17657601,116906,N00031545,Bill_Flores,287157,0
11052,"Cory Gardner",Cory,,Gardner,,,2,R,1,Rep,HD-CO-4,5988870,30004,N00030780,Cory_Gardner,210102,0
11053,"Bob Gibbs",Bob,,Gibbs,,,2,R,1,Rep,HD-OH-7,3104545,45466,N00031128,Bob_Gibbs,212534,0
11054,"Paul Gosar",Paul,A.,Gosar,,,2,R,1,Rep,HD-AZ-4,8461058,123491,N00030771,Paul_Gosar,283933,0
11055,"Trey Gowdy",Trey,,Gowdy,,,2,R,1,Rep,HD-SC-4,8346850,121782,N00030880,Trey_Gowdy,285066,0
11056,"Vicky Hartzler",Vicky,,Hartzler,,,2,R,1,Rep,HD-MO-4,955870,8783,N00031005,Vicky_Hartzler,284768,0
11057,"Tim Huelskamp",Tim,,Huelskamp,,,2,R,1,Rep,HD-KS-1,6625753,12571,N00027649,Tim_Huelskamp,194590,0
11058,"Bill Huizenga",Bill,,Huizenga,,,2,R,1,Rep,HD-MI-2,6574786,38351,N00030673,Bill_Huizenga,288017,0
11059,"Bill Johnson",Bill,,Johnson,,,2,R,1,Rep,HD-OH-6,17657550,120649,N00032088,Bill_Johnson_(Ohio),287357,0
11060,"Adam Kinzinger",Adam,,Kinzinger,,,2,R,1,Rep,HD-IL-16,17657449,116559,N00030667,Adam_Kinzinger,284452,0
11061,"James Lankford",James,,Lankford,,,2,R,1,Rep,HD-OK-5,17657561,124938,N00031129,James_Lankford,284972,0
11062,"Billy Long",Billy,,Long,,,2,R,1,Rep,HD-MO-7,4394340,123401,N00030676,Billy_Long,284784,0
11063,"David McKinley",David,B.,McKinley,,,2,R,1,Rep,HD-WV-1,7565199,117396,N00031681,David_McKinley,284510,0
11064,"Mick Mulvaney",Mick,,Mulvaney,,,2,R,1,Rep,HD-SC-5,6670008,60348,N00031412,Mick_Mulvaney,249811,0
11065,"Alan Nunnelee",Alan,,Nunnelee,,,2,R,1,Rep,HD-MS-1,6611728,8326,N00031006,Alan_Nunnelee,196176,0
11066,"Stevan Pearce",Stevan,,Pearce,,,2,R,1,Rep,HD-NM-2,6638679,10655,N00012672,Steve_Pearce,310708,0
11067,"Mike Pompeo",Mike,,Pompeo,,,2,R,1,Rep,HD-KS-4,8842438,125023,N00030744,Mike_Pompeo,284661,0
11068,"Benjamin Quayle",Benjamin,,Quayle,,,2,R,1,Rep,HD-AZ-3,17657379,123506,N00031723,Benjamin_Quayle,285719,0
11069,"James Renacci",James,B.,Renacci,,,2,R,1,Rep,HD-OH-16,2900801,120678,N00031127,Jim_Renacci,284934,0
11070,"Reid Ribble",Reid,J.,Ribble,,,2,R,1,Rep,HD-WI-8,3175147,126240,N00030968,Reid_Ribble,284578,0
11071,"Scott Rigell","E. Scott",,Rigell,,,2,R,1,Rep,HD-VA-2,5724006,121807,N00030962,Scott_Rigell,285282,0
11072,"Todd Rokita",Todd,,Rokita,,,2,R,1,Rep,HD-IN-4,6592215,34167,N00031741,Todd_Rokita,218889,0
11073,"Dennis Ross",Dennis,,Ross,,,2,R,1,Rep,HD-FL-15,451808,12813,N00030645,Dennis_Ross,205890,0
11074,"Tim Scott",Tim,,Scott,,,2,R,1,Rep,HD-SC-1,6644860,11940,N00031782,Tim_Scott,272024,0
11075,"Steve Southerland",Steve,II,Southerland,,,2,R,1,Rep,HD-FL-2,17657416,124329,N00031204,Steve_Southerland_(Florida),284211,0
11076,"Marlin Stutzman",Marlin,A.,Stutzman,,,2,R,1,Rep,HD-IN-3,7399460,34230,N00030891,Marlin_Stutzman,212345,0
11077,"Tim Walberg",Tim,,Walberg,,,2,R,1,Rep,HD-MI-7,200642,8618,N00026368,Tim_Walberg,248304,0
11078,"Joe Walsh",Joe,,Walsh,,,2,R,1,Rep,HD-IL-8,6624786,116545,N00004723,Joe_Walsh_(Illinois),284437,0
11079,"Allen West",Allen,B.,West,,,2,R,1,Rep,HD-FL-22,12266050,124348,N00029131,Allen_West,297314,0
11080,"Todd Young",Todd,C.,Young,,,2,R,1,Rep,SD-IN,7157141,120345,N00030670,Todd_Young,284637,0
11099,"Steve Womack",Steve,,Womack,,,2,R,1,Rep,HD-AR-3,9604218,71815,N00031857,Steve_Womack,285713,0
11100,"Rob Woodall",Rob,,Woodall,,,2,R,1,Rep,HD-GA-7,17657434,122251,N00032416,Rob_Woodall,286515,0
11119,"Sandy Adams",Sandy,,Adams,,,2,R,1,Rep,HD-FL-24,1918337,31041,N00030926,Sandy_Adams,211824,0
11120,"Lou Barletta",Lou,,Barletta,,,2,R,1,Rep,HD-PA-11,14995487,47143,N00025495,Lou_Barletta,266703,0
11121,"Charles Bass",Charles,F.,Bass,,,2,R,1,Rep,HD-NH-2,4523780,22216,N00000423,Charles_Bass,158951,0
11122,"Dan Benishek",Dan,,Benishek,,,2,R,1,Rep,HD-MI-1,15406839,123056,N00031934,Dan_Benishek,286706,0
11123,"Jeff Denham",Jeff,,Denham,,,2,R,1,Rep,HD-CA-10,13008566,28769,N00031593,Jeff_Denham,211732,0
11124,"Scott DesJarlais",Scott,,DesJarlais,,,2,R,1,Rep,HD-TN-4,16586618,123473,N00030957,Scott_DesJarlais,285129,0
11126,"Robert Dold",Robert,J.,Dold,,,2,R,1,Rep,HD-IL-10,3286452,116548,N00031103,Robert_Dold,284445,0
11127,"Blake Farenthold",Blake,,Farenthold,,,2,R,1,Rep,HD-TX-27,15084130,116919,N00031672,Blake_Farenthold,287179,0
11128,"Michael Fitzpatrick",Michael,G.,Fitzpatrick,,,2,R,1,Rep,HD-PA-8,15240412,46971,N00027229,Michael_G._Fitzpatrick,226535,0
11129,"Charles Fleischmann",Charles,J.,Fleischmann,,Chuck,2,R,1,Rep,HD-TN-3,9391800,123456,N00030815,Charles_Fleischmann,285119,0
11130,"Christopher Gibson",Christopher,P.,Gibson,,,2,R,1,Rep,HD-NY-19,4739823,127042,N00031998,Chris_Gibson,287304,0
11131,"Tim Griffin",Tim,,Griffin,,,2,R,1,Rep,HD-AR-2,698205,119213,N00031297,Tim_Griffin,283916,0
11132,"Morgan Griffith","H. Morgan",,Griffith,,,2,R,1,Rep,HD-VA-9,6276976,5148,N00032029,Morgan_Griffith,199430,0
11133,"Richard Hanna",Richard,L.,Hanna,,,2,R,1,Rep,HD-NY-22,4744200,110344,N00030197,Richard_Hanna,266914,0
11134,"Nan Hayworth",Nan,A.S.,Hayworth,,,2,R,1,Rep,HD-NY-19,23598599,127041,N00031124,Nan_Hayworth,284887,0
11135,"Jaime Herrera Beutler",Jaime,,"Herrera Beutler",,,2,R,1,Rep,HD-WA-3,2951218,101907,N00031559,Jaime_Herrera_Beutler,229353,0
11136,"Randy Hultgren",Randy,,Hultgren,,,2,R,1,Rep,HD-IL-14,2767639,18199,N00031104,Randy_Hultgren,194314,0
11137,"Mike Kelly",Mike,,Kelly,,,2,R,1,Rep,HD-PA-3,5007914,119463,N00031647,Mike_Kelly_(Pennsylvania),286955,0
11138,"Raul Labrador",Raul,R.,Labrador,,,2,R,1,Rep,HD-ID-1,12999774,57391,N00031377,Raul_Labrador,249702,0
11139,"Tom Marino",Tom,,Marino,,,2,R,1,Rep,HD-PA-10,17657570,119478,N00031777,Tom_Marino,286966,0
11140,"Patrick Meehan",Patrick,,Meehan,,,2,R,1,Rep,HD-PA-7,17657569,119474,N00031134,Patrick_Meehan,284999,0
11141,"Richard Nugent",Richard,,Nugent,,,2,R,1,Rep,HD-FL-11,17657419,124333,N00032441,Richard_Nugent,288066,0
11142,"Robert Schilling",Robert,T.,Schilling,,,2,R,1,Rep,HD-IL-17,17657455,116570,N00030668,Robert_Marshner,284607,0
11143,"Steve Stivers",Steve,,Stivers,,,2,R,1,Rep,HD-OH-15,3672534,45333,N00029574,Steve_Stivers,213916,0
11144,"Scott Tipton",Scott,,Tipton,,,2,R,1,Rep,HD-CO-3,6022986,65403,N00027509,Scott_Tipton,267906,0
11145,"Daniel Webster",Daniel,,Webster,,,2,R,1,Rep,HD-FL-10,13011367,24302,N00026335,Daniel_Webster_(Florida),193483,0
11146,"Kevin Yoder",Kevin,,Yoder,,,2,R,1,Rep,HD-KS-3,6612812,34433,N00031502,Kevin_Yoder,212291,0
11159,"Robert Hurt",Robert,,Hurt,,,2,R,1,Rep,HD-VA-5,6613951,50895,N00031265,Robert_Hurt,209948,0
11161,"Michael Grimm",Michael,G.,Grimm,,,2,R,1,Rep,HD-NY-11,17657541,127075,N00031401,Michael_Grimm,284883,0
11162,"Colleen Hanabusa",Colleen,W.,Hanabusa,,,1,D,1,Rep,HD-HI-1,6401142,17745,N00025881,Colleen_Hanabusa,193912,0
11163,"Martha Roby",Martha,,Roby,,,2,R,1,Rep,HD-AL-2,17657350,71604,N00030768,Martha_Roby,283894,0
11164,"Austin Scott",Austin,,Scott,,,2,R,1,Rep,HD-GA-8,6805076,11812,N00032457,Austin_Scott,193858,0
11199,"Richard Blumenthal",Richard,,Blumenthal,,,1,D,2,Sen,SD-CT,6378136,1568,N00031685,Richard_Blumenthal,218586,0
11200,"Frederica Wilson",Frederica,S.,Wilson,,,1,D,1,Rep,HD-FL-24,12999016,17319,N00030650,Frederica_Wilson,211856,0
11201,"Terri Sewell",Terri,A.,Sewell,,,1,D,1,Rep,HD-AL-7,17657351,121621,N00030622,Terri_Sewell,283908,0
11270,"Jeffrey Landry",Jeffrey,M.,Landry,,,2,R,1,Rep,HD-LA-3,12050617,93509,N00031503,Jeff_Landry,284692,0
11271,"Cedric Richmond",Cedric,L.,Richmond,,,1,D,1,Rep,HD-LA-2,6410112,35384,N00030184,Cedric_Richmond,194997,0
11302,"Karen Bass",Karen,,Bass,,,1,D,1,Rep,HD-CA-37,22511,28963,N00031877,Karen_Bass,226476,0
11303,"Hansen Clarke",Hansen,,Clarke,,,1,D,1,Rep,HD-MI-13,313222,19913,N00031945,Hansen_Clarke,212925,0
11518,"Jon Runyan",Jon,,Runyan,,,2,R,1,Rep,HD-NJ-3,17657528,121117,N00031988,Jon_Runyan,284857,0
11605,"Andy Harris",Andy,,Harris,,,2,R,1,Rep,HD-MD-1,4600723,19157,N00029147,Andy_Harris,195206,0
11606,"David Schweikert",David,,Schweikert,,,2,R,1,Rep,HD-AZ-6,8573431,106387,N00006460,David_Schweikert,267202,0
11799,"Justin Amash",Justin,,Amash,,,2,R,1,Rep,HD-MI-3,6676756,105566,N00031938,Justin_Amash,268350,0
11800,"Rick Berg",Rick,,Berg,,,2,R,1,Rep,HD-ND,10020171,7693,N00031629,Rick_Berg,196816,0
11801,"Stephen Fincher",Stephen,Lee,Fincher,,,2,R,1,Rep,HD-TN-8,17657589,124659,N00031141,Stephen_Lee_Fincher,285151,0
11802,"Frank Guinta",Frank,C.,Guinta,,,2,R,1,Rep,HD-NH-1,6594570,42946,N00030801,Frank_Guinta,0,0
11803,"Kristi Noem",Kristi,L.,Noem,,,2,R,1,Rep,HD-SD,6669590,58189,N00032022,Kristi_Noem,0,0
11804,"Steven Palazzo",Steven,M.,Palazzo,,,2,R,1,Rep,HD-MS-4,6673196,69521,N00031958,Steven_Palazzo,249791,0
11805,"David Rivera",David,,Rivera,,,2,R,1,Rep,HD-FL-25,12999046,31234,N00031887,David_Rivera_(Florida),211821,0
11806,"Joseph Heck",Joseph,J.,Heck,,,2,R,1,Rep,HD-NV-3,6665883,44082,N00031244,Joe_Heck,227661,0
11807,"David Cicilline",David,N.,Cicilline,,,1,D,1,Rep,HD-RI-1,6441236,7349,N00032019,David_Cicilline,198593,0
11867,"William Keating",William,R.,Keating,,Bill,1,D,1,Rep,HD-MA-9,17657478,4743,N00031933,Bill_Keating,286684,0
11893,"Rand Paul",Rand,,Paul,,,2,R,2,Sen,SD-KY,9337758,117285,N00030836,Rand_Paul,285781,0
11905,"Pat Toomey",Pat,,Toomey,,,2,R,2,Sen,SD-PA,4944091,24096,N00001489,Pat_Toomey,159045,0
11907,"Ron Johnson",Ron,,Johnson,,,2,R,2,Sen,SD-WI,2938769,126217,N00032546,Ron_Johnson_(Wisconsin),309565,0
11909,"Mike Lee",Mike,,Lee,,,2,R,2,Sen,SD-UT,19890610,66395,N00031696,Mike_Lee_(Utah),268656,0
11910,"Marco Rubio",Marco,,Rubio,,,2,R,2,Sen,SD-FL,12999040,1601,N00030612,Marco_Rubio,193597,0
11966,"Rob Portman",Rob,,Portman,,,2,R,2,Sen,SD-OH,3094681,27008,N00003682,Rob_Portman,159002,0
11967,"Daniel Coats",Daniel,,Coats,,,2,R,2,Sen,SD-IN,5312353,53291,N00003845,Dan_Coats,286556,0
11969,"Kelly Ayotte",Kelly,,Ayotte,,,2,R,2,Sen,SD-NH,137570,42352,N00030980,Kelly_Ayotte,244487,0
11971,"John Hoeven",John,,Hoeven,,,2,R,2,Sen,SD-ND,144736,41788,N00031688,John_Hoeven,209683,0
12165,"Francisco Canseco",Francisco,,Canseco,,Quico,2,R,1,Rep,HD-TX-23,11609078,50146,N00026722,Francisco_Canseco,285246,0
12191,"John Carney",John,,Carney,,,1,D,1,Rep,HD-DE,6415549,53658,N00030736,John_Carney_Jr.,209633,0
13160,"Kathleen Hochul",Kathleen,C.,Hochul,,,1,D,1,Rep,HD-NY-26,4758179,129238,N00033055,Kathy_Hochul,342834,0
13187,"Janice Hahn",Janice,,Hahn,,,1,D,1,Rep,HD-CA-44,6498773,70502,N00006806,Janice_Hahn,348092,0
13318,"Mark Amodei",Mark,E.,Amodei,,,2,R,1,Rep,HD-NV-2,6596644,12537,N00031177,Mark_Amodei,197540,0
13321,"Robert Turner",Robert,L.,Turner,,,2,R,1,Rep,HD-NY-9,14839398,127071,N00032601,Bob_Turner,310724,0
13869,"Suzanne Bonamici",Suzanne,,Bonamici,,,1,D,1,Rep,HD-OR-1,339835,59641,N00033474,Suzanne_Bonamici,249764,0
13970,"Ron Barber",Ron,,Barber,,,1,D,1,Rep,HD-AZ-2,8463203,137292,N00033981,Ron_Barber,251916,0
14026,"Thomas Massie",Thomas,,Massie,,,2,R,1,Rep,HD-KY-4,9195688,132068,N00034041,Thomas_Massie,391510,0
14027,"David Curson",David,Alan,Curson,,,1,D,1,Rep,HD-MI-11,17662203,143373,N00034982,David_Curson,436481,0
14071,"Donald Payne",Donald,,Payne,Jr.,,1,D,1,Rep,HD-NJ-10,17658196,26957,N00034639,Donald_Payne_Jr.,409583,0
14081,"Brian Schatz",Brian,,Schatz,,,1,D,2,Sen,SD-HI,6397188,17852,N00028138,Brian_Schatz,193945,0
14090,"Suzan DelBene",Suzan,,DelBene,,,1,D,1,Rep,HD-WA-1,2610675,126272,N00030693,Suzan_DelBene,284676,0
